Fotos*,50031866
Minifotos,285
"Panorama Poster",15656
Fotosticker,282
Kunstdruck,70004013
Fotocollage,50008792
"Fotobuch digital querformatig",50031776
"Fotobuch digital hochformatig",50031790
"Fotobuch digital Ringbindung - A5 quer",50032593
"Fotobuch brillant A4 Panorama",13728
"Fotobuch brillant A4",50001124
"Fotobuch brillant 20x20",13729
"Fotobuch brillant 30x30",15566
"Fotobuch brillant A3 Panorama",15565
"Fotobuch brillant Video",50021480
"Fotobuch brillant mini 13x17",50016190
"Fotobuch brillant mini 13x13",50016157
"Fotobuch brillant mini 10x15",50008184
"Fotobuch brillant mini 10x10",50016124
"Fotobuch brillant Paris",50020329
"Fotobuch brillant Mailand",50020129
"Fotobuch brillant Madrid",50020324
"Fotobuch brillant Monaco",50020319
"Fotobuch brillant Sevilla",50020335
"Fotobuch brillant Malaga",50020343
"Fotobuch A5 - Softcover",13725
"Fotobuch A5 - Softcover geklammert",50023423
"Fotobuch A6 - Softcover geklammert",50023425
"Cover iPhone 7 plus",50032897
"Cover iPhone 7",50032898
"Cover iPhone 6 plus",50028578
"Cover iPhone 6 / 6S",50028577
"Cover iPhone 5C",50028576
"Cover iPhone 5 / 5S",50028565
"Cover iPhone 4 / 4S",50028564
"Cover Galaxy S7 edge",50029929
"Cover Galaxy S7",50029927
"Cover Galaxy S6 edge plus",50029926
"Cover Galaxy S6 edge",50022957
"Cover Galaxy S6",50022843
"Cover Galaxy S5",50028569
"Cover Galaxy S4 mini",50028568
"Cover Galaxy S4",50028563
"Cover Galaxy S3",50028561
"Cover Galaxy S2",50028562
"Cover iPad 3 / 4",50028566
"Cover iPad mini 1 / 2 / 3",50028567
"Leinwand auf 2cm Keilrahmen",13641
"Leinwand mit Schattenfugenrahmen",13590
"Fotoleinwand 3-teilig",15660
"Direktdruck auf Acrylglas ohne weiss",18014
"Direktdruck auf Aluminium ohne weiß",18048
"Direktdruck auf Hartschaum",18031
Fotowandfolie,50017356
"Poster Supreme - der Galerieprint hinter Folie",50019593
Tischkalender,50023267
Küchenkalender,50023266
Wandkalender,50023260
Jahresplaner,50023263
Wandkalender,50023030
"Wandkalender 30x30",50023031
"Wandkalender 30x60",50023033
"Familienkalender A3",50023262
Foto-Adventskalender,50032165
"Schokoladen-Adventskalender ",50032179
Würfel-Adventskalender,50019427
"Grusskarte A6 Querformat",50008393
"Grusskarte A6 Hochformat",50008396
"Grusskarte DIN lang Querformat",50008399
"Grusskarte DIN lang Hochformat",50008402
"Postkarte A6",50008387
"Postkarte DIN lang",50008390
"Fototasse Latte",50031426
Magnetsticker,50031438
"Kuschelkissen mit Füllung",50032154
Herzkissen,50032161
Kirschkernkissen,50032163
Kinderrucksack,50032164
"Baseball Cap",50028549
Bierkrug,50028546
Collegeblock,70004021
Fotoaufsteller,50028571
"Fototasse weiss",50026268
"Fototasse schmal weiss",50028548
"Fototasse, Rand + Henkel schwarz",50026269
"Fototasse innen farbig",50026270
Geldbörse,15672
Glastasse,50028553
Hase,50028552
Holzpuzzle,50028558
Kinderlätzchen,429
Kissenbezug,50028554
Küchenschürze,50028551
"Magnetsticker quadratisch - 10er Set",50023220
Mousepad,22561
Notizbuch,70004016
Puzzle,11880
"Ravensburger Puzzle",50010426
"Ravensburger Herzpuzzle",50022037
"Ravensburger my memory®",50022702
Reportertasche,6521
Schattenspender,50028555
Schneekugel,13056
Schneidebrett,6518
"Schultertasche klein",15670
"Schultertasche mittel",6523
"Schultertasche gross",15671
T-Shirt,15
Sporttasche,15668
Stofftragetasche,50028573
Sweatshirt,6511
Teddy,50028545
"T-Shirt ärmellos",165
Turnbeutel,15669
