Photos*,50031866
"Photos mini",285
"Photo panoramique",15656
Autocollants,282
"Reproduction d’art",70004013
"Collages photo",50008792
"Livre photo digi horizontal",50031776
"Livre photo digi vertical",50031790
"Livre photo digi A5 horizontal – avec spirale",50032593
"Livre photo brillant A4 panorama",13728
"Livre photo brillant A4",50001124
"Livre photo brillant 20x20",13729
"Livre photo brillant 30x30",15566
"Livre photo brillant A3 panorama",15565
"Livre photo brillant mini 13x17",50016190
"Livre photo brillant mini 13x13",50016157
"Livre photo brillant mini 10x15",50008184
"Livre photo brillant mini 10x10",50016124
"Livre photo brillant Paris",50020329
"Livre photo brillant Mailand",50020129
"Livre photo brillant Madrid",50020324
"Livre photo brillant Monaco",50020319
"Livre photo brillant Sevilla",50020335
"Livre photo brillant Malaga",50020343
"Livre photo A5 couverture souple",13725
"Livre photo A5 horizontal agrafés",50023423
"Livre photo A6 horizontal agrafés",50023425
"Coque iPhone 7 plus",50032897
"Coque iPhone 7",50032898
"Coque iPhone 6 plus",50028578
"Coque iPhone 6",50028577
"Coque iPhone 5C",50028576
"Coque iPhone 5 / 5S",50028565
"Coque iPhone 4 / 4S",50028564
"Coque Galaxy S7 edge",50029929
"Coque Galaxy S7",50029927
"Coque Galaxy S6 edge plus",50029926
"Coque Galaxy S6 edge",50022957
"Coque Galaxy S6",50022843
"Coque Galaxy S5",50028569
"Coque Galaxy S4 mini",50028568
"Coque Galaxy S4",50028563
"Coque Galaxy S3",50028561
"Coque Galaxy S2",50028562
"Coque iPad 3 / 4",50028566
"Coque iPad mini 1 / 2 / 3",50028567
"Calendrier de bureau",50023267
"Calendrier de la cuisine",50023266
"Calendrier mural",50023260
"Calendrier 1 page",50023263
"Calendrier mural horizontal",50023030
"Calendrier mural 30x30",50023031
"Calendrier mural 30x60",50023033
"Calendrier familial A3 ",50023262
"Calendrier photo de l’Avent",50032165
"Calendrier chocolat de l’Avent",50032179
"Cubes calendrier de l’avent",50019427
"Cartes de voeux A6 horizontal",50008393
"Cartes de voeux A6 vertical",50008396
"Carte de vœux DIN long horizontal",50008399
"Carte de vœux DIN long vertical",50008402
"Carte postale A6",50008387
"Carte postale DIN lang",50008390
"Tasse de latte",50031426
"Coussin pour se blottir avec remplissage",50032154
"Coussin en forme de cœur",50032161
"Coussin de noyaux de cerise",50032163
"Sac à dos pour les enfants",50032164
"Casquette de base-ball",50028549
"Chope à bière",50028546
Bloc-notes,70004021
"Chevalet photo",50028571
"Tasse blanche",50026268
"Tasse format étroite, blanche",50028548
"Tasse bord et anse noirs",50026269
"Tasse colorée à l’intérieur",50026270
Purse,15672
"Tasse en verre",50028553
"Lapin avec t-shirt",50028552
"Puzzle en bois",50028558
"Fourre de coussin",50028554
"Tablier de cuisine",50028551
"Magnet photo carré - kit de 10 pièces",50023220
Carnet,70004016
"Puzzle Ravensburger en forme de cœur",50022037
"Ravensburger my memory®",50022702
"Sac reporter",6521
Pare-soleil,50028555
"Boule à neige",13056
"Planche à découper",6518
"Sac à bandoulière, petit format",15670
"Sac à bandoulière, moyen format",6523
"Sac à bandoulière, grand format",15671
"Sac de sport",15668
"Sac en tissu",50028573
"Ours en peluche",50028545
"Sac gymnastique",15669
